ts0,ts1,radio,size
16472.0,24198,Iridium,61
16472.0,24282,Iridium,61
16472.0,24298,Iridium,19
16472.0,24453,Iridium,19
16472.0,24731,Iridium,19
16472.0,25889,Iridium,61
16472.0,25907,Iridium,19
16472.0,25934,Iridium,19
16472.0,74302,APRS,98
16472.0,74429,APRS,98
16472.0,74578,APRS,98
16472.0,74681,APRS,32
16472.0,74789,APRS,97
16472.0,74794,APRS,107
16473.0,470,Iridium,25
16473.0,555,Iridium,23
16473.0,580,Iridium,90
16473.0,6810,Iridium,25
16473.0,6827,Iridium,61
16473.0,9030,Iridium,19
16473.0,9142,Iridium,19
16473.0,9331,Iridium,23
16473.0,9357,Iridium,90
16473.0,9387,Iridium,94
16473.0,12057,Iridium,25
16473.0,12070,Iridium,61
16473.0,12083,Iridium,19
16473.0,12107,Iridium,19
16473.0,12684,Iridium,96
16473.0,13237,Iridium,19
16473.0,13877,Iridium,62
16473.0,14700,Iridium,96
16473.0,14864,Iridium,12
16473.0,14928,Iridium,96
16473.0,14956,Iridium,19
16473.0,15356,Iridium,96
16473.0,15369,Iridium,15
16473.0,15402,Iridium,12
16473.0,15426,Iridium,19
16473.0,15590,Iridium,9
16473.0,15967,Iridium,46
16473.0,16925,Iridium,12
16473.0,16941,Iridium,12
16473.0,16971,Iridium,12
16473.0,16998,Iridium,46
16473.0,17323,Iridium,12
16473.0,17344,Iridium,12
16473.0,17370,Iridium,9
16473.0,17734,Iridium,9
16473.0,17749,Iridium,19
16473.0,17764,Iridium,9
16473.0,17777,Iridium,46
16473.0,17802,Iridium,46
16473.0,18483,Iridium,46
16473.0,18843,Iridium,46
16473.0,18864,Iridium,46
16473.0,19493,Iridium,46
16473.0,19513,Iridium,46
16473.0,20537,Iridium,46
16473.0,20574,Iridium,46
16473.0,21553,Iridium,46
16473.0,21588,Iridium,46
16473.0,22235,Iridium,46
16473.0,22575,Iridium,46
16473.0,22865,Iridium,46
16473.0,23233,Iridium,46
16473.0,23557,Iridium,46
16473.0,23928,Iridium,46
16473.0,23962,Iridium,46
16473.0,24617,Iridium,46
16473.0,24939,Iridium,46
16473.0,25252,Iridium,46
16473.0,25289,Iridium,46
16473.0,25602,Iridium,46
16473.0,25636,Iridium,46
16473.0,26305,Iridium,46
16473.0,26325,Iridium,46
16473.0,26984,Iridium,46
16473.0,27026,Iridium,46
16473.0,27350,Iridium,46
16473.0,27377,Iridium,46
16473.0,29613,Iridium,46
16473.0,30276,Iridium,46
16473.0,31247,Iridium,46
16473.0,31935,Iridium,46
16473.0,31962,Iridium,46
16473.0,32590,Iridium,46
16473.0,32629,Iridium,46
16473.0,32957,Iridium,46
16473.0,32981,Iridium,46
16473.0,33651,Iridium,46
16473.0,34311,Iridium,46
16473.0,34916,Iridium,46
16473.0,34970,Iridium,46
16473.0,35307,Iridium,46
16473.0,35959,Iridium,46
16473.0,36582,Iridium,46
16473.0,36954,Iridium,46
16473.0,36983,Iridium,46
16473.0,37640,Iridium,46
16473.0,37673,Iridium,46
16473.0,38010,Iridium,46
16473.0,39050,Iridium,46
16473.0,39354,Iridium,46
16473.0,39374,Iridium,46
16473.0,40005,Iridium,46
16473.0,40028,Iridium,46
16473.0,40677,Iridium,46
16473.0,41042,Iridium,46
16473.0,41069,Iridium,46
16473.0,42708,Iridium,46
16473.0,44337,Iridium,46
16473.0,44359,Iridium,46
16473.0,44999,Iridium,9
16473.0,45020,Iridium,46
16473.0,45050,Iridium,46
16473.0,45382,Iridium,46
16473.0,46022,Iridium,46
16473.0,46050,Iridium,46
16473.0,46384,Iridium,46
16473.0,46709,Iridium,46
16473.0,47061,Iridium,46
16473.0,47413,Iridium,46
16473.0,48068,Iridium,46
16473.0,48386,Iridium,46
16473.0,48405,Iridium,9
16473.0,48431,Iridium,46
16473.0,49096,Iridium,46
16473.0,49724,Iridium,46
16473.0,49767,Iridium,46
16473.0,50740,Iridium,46
16473.0,51347,Iridium,46
16473.0,52334,Iridium,46
16473.0,53018,Iridium,46
16473.0,53350,Iridium,46
16473.0,53662,Iridium,46
16473.0,54030,Iridium,46
16473.0,54400,Iridium,46
16473.0,54788,Iridium,46
16473.0,54815,Iridium,46
16473.0,55462,Iridium,9
16473.0,55488,Iridium,46
16473.0,55862,Iridium,46
16473.0,55878,Iridium,9
16473.0,55905,Iridium,46
16473.0,56554,Iridium,96
16473.0,57562,Iridium,96
16473.0,57588,Iridium,46
16473.0,57620,Iridium,46
16473.0,58605,Iridium,46
16473.0,59261,Iridium,46
16473.0,59281,Iridium,17
16473.0,59305,Iridium,46
16473.0,60291,Iridium,46
16473.0,60944,Iridium,17
16473.0,61328,Iridium,46
16473.0,61663,Iridium,17
16473.0,61680,Iridium,12
16473.0,61712,Iridium,46
16473.0,61740,Iridium,46
16473.0,62399,Iridium,46
16473.0,62425,Iridium,12
16473.0,62456,Iridium,46
16473.0,62760,Iridium,12
16473.0,62778,Iridium,300
16473.0,62797,Iridium,18
16473.0,62813,Iridium,9
16473.0,62843,Iridium,46
16473.0,63192,Iridium,46
16473.0,63479,Iridium,46
16473.0,63535,Iridium,46
16473.0,63855,Iridium,46
16473.0,63889,Iridium,46
16473.0,64543,Iridium,46
16473.0,65179,Iridium,46
16473.0,65548,Iridium,46
16473.0,65584,Iridium,46
16473.0,66226,Iridium,46
16473.0,66255,Iridium,46
16473.0,66582,Iridium,46
16473.0,66602,Iridium,9
16473.0,67308,Iridium,46
16473.0,67345,Iridium,46
16473.0,67675,Iridium,46
16473.0,67988,Iridium,46
16473.0,68343,Iridium,46
16473.0,68377,Iridium,12
16473.0,68414,Iridium,46
16473.0,68746,Iridium,46
16473.0,69053,Iridium,12
16473.0,69078,Iridium,46
16473.0,69112,Iridium,46
16473.0,69420,Iridium,46
16473.0,69452,Iridium,46
16473.0,69789,Iridium,46
16473.0,70090,Iridium,46
16473.0,70117,Iridium,46
16473.0,70749,Iridium,46
16473.0,70774,Iridium,46
16473.0,73963,Iridium,46
16473.0,74302,Iridium,46
16473.0,74629,Iridium,46
16473.0,75251,Iridium,46
16473.0,75953,Iridium,46
16473.0,77311,Iridium,46
16473.0,77340,Iridium,46
16473.0,77992,Iridium,46
16473.0,78654,Iridium,46
16473.0,79595,Iridium,46
16473.0,79627,Iridium,46
16473.0,79968,Iridium,46
16473.0,80925,Iridium,46
16473.0,81595,Iridium,46
16473.0,81616,Iridium,46
16473.0,82256,Iridium,46
16473.0,82290,Iridium,46
16473.0,82598,Iridium,46
16473.0,82618,Iridium,46
16473.0,83260,Iridium,46
16473.0,83287,Iridium,46
16473.0,84886,Iridium,46
16473.0,85508,Iridium,46
16473.0,85859,Iridium,46
16473.0,86200,Iridium,46
16473.0,86504,Iridium,46
16473.0,86532,Iridium,46
16473.0,87214,Iridium,46
16473.0,87244,Iridium,46
16473.0,87577,Iridium,46
16473.0,87892,Iridium,46
16473.0,87922,Iridium,46
16473.0,88563,Iridium,46
16473.0,88927,Iridium,46
16473.0,89604,Iridium,46
16473.0,89644,Iridium,46
16473.0,89963,Iridium,46
16473.0,89992,Iridium,46
16473.0,90628,Iridium,46
16473.0,90652,Iridium,46
16473.0,91647,Iridium,46
16473.0,91685,Iridium,46
16473.0,92959,Iridium,46
16473.0,92989,Iridium,46
16473.0,93653,Iridium,46
16473.0,94035,Iridium,46
16473.0,94073,Iridium,46
16473.0,94400,Iridium,46
16473.0,95023,Iridium,46
16473.0,95053,Iridium,46
16473.0,95380,Iridium,46
16473.0,95721,Iridium,46
16473.0,96342,Iridium,46
16473.0,96371,Iridium,46
16473.0,97019,Iridium,46
16473.0,97048,Iridium,46
16473.0,97380,Iridium,46
16473.0,98050,Iridium,46
16473.0,98075,Iridium,46
16473.0,98728,Iridium,46
16473.0,99409,Iridium,46
16473.0,99731,Iridium,46
16473.0,99768,Iridium,46
16474.0,420,Iridium,46
16474.0,447,Iridium,46
16474.0,785,Iridium,46
16474.0,1423,Iridium,46
16474.0,1455,Iridium,46
16474.0,2113,Iridium,46
16474.0,2422,Iridium,46
16474.0,2456,Iridium,46
16474.0,2790,Iridium,46
16474.0,3111,Iridium,46
16474.0,3149,Iridium,46
16474.0,3786,Iridium,46
16474.0,3808,Iridium,46
16474.0,4156,Iridium,46
16474.0,4453,Iridium,46
16474.0,4500,Iridium,46
16474.0,5434,Iridium,46
16474.0,5459,Iridium,46
16474.0,6111,Iridium,46
16474.0,6451,Iridium,46
16474.0,7109,Iridium,46
16474.0,7801,Iridium,46
16474.0,8131,Iridium,46
16474.0,8160,Iridium,46
16474.0,8790,Iridium,46
16474.0,9157,Iridium,46
16474.0,9509,Iridium,46
16474.0,9832,Iridium,46
16474.0,10181,Iridium,46
16474.0,10409,Iridium,46
16474.0,10515,Iridium,46
16474.0,10766,Iridium,46
16474.0,11163,Iridium,46
16474.0,11750,Iridium,46
16474.0,11808,Iridium,46
16474.0,12432,Iridium,46
16474.0,12462,Iridium,46
16474.0,12801,Iridium,46
16474.0,13442,Iridium,46
16474.0,13471,Iridium,46
16474.0,15090,Iridium,46
16474.0,15687,Iridium,46
16474.0,16369,Iridium,46
16474.0,16732,Iridium,46
16474.0,17422,Iridium,46
16474.0,17766,Iridium,46
16474.0,18041,Iridium,46
16474.0,18102,Iridium,46
16474.0,18429,Iridium,46
16474.0,18785,Iridium,46
16474.0,19059,Iridium,46
16474.0,19114,Iridium,46
16474.0,20392,Iridium,46
16474.0,20757,Iridium,46
16474.0,21431,Iridium,46
16474.0,22075,Iridium,46
16474.0,22440,Iridium,46
16474.0,22469,Iridium,46
16474.0,23105,Iridium,46
16474.0,23131,Iridium,46
16474.0,23488,Iridium,46
16474.0,24109,Iridium,46
16474.0,24134,Iridium,46
16474.0,25145,Iridium,46
16474.0,25165,Iridium,46
16474.0,25494,Iridium,46
16474.0,25532,Iridium,46
16474.0,25863,Iridium,46
16474.0,26502,Iridium,46
16474.0,26526,Iridium,46
16474.0,27183,Iridium,46
16474.0,27221,Iridium,46
16474.0,28818,Iridium,46
16474.0,29431,Iridium,46
16474.0,29810,Iridium,46
16474.0,30444,Iridium,9
16474.0,30464,Iridium,46
16474.0,30485,Iridium,46
16474.0,31456,Iridium,46
16474.0,31496,Iridium,46
16474.0,32134,Iridium,46
16474.0,32167,Iridium,46
16474.0,32501,Iridium,46
16474.0,32877,Iridium,46
16474.0,32915,Iridium,46
16474.0,33248,Iridium,46
16474.0,33571,Iridium,46
16474.0,33959,Iridium,46
16474.0,33981,Iridium,46
16474.0,34628,Iridium,46
16474.0,35631,Iridium,46
16474.0,35795,Iridium,46
16474.0,35825,Iridium,46
16474.0,36158,Iridium,46
16474.0,36248,Iridium,46
16474.0,36737,Iridium,46
16474.0,36841,Iridium,46
16474.0,37251,Iridium,46
16474.0,37809,Iridium,46
16474.0,37869,Iridium,46
16474.0,38358,Iridium,46
16474.0,38520,Iridium,46
16474.0,38907,Iridium,46
16474.0,38971,Iridium,46
16474.0,39449,Iridium,46
16474.0,39505,Iridium,46
16474.0,39979,Iridium,46
16474.0,40151,Iridium,46
16474.0,40538,Iridium,46
16474.0,40819,Iridium,46
16474.0,41275,Iridium,46
16474.0,41489,Iridium,46
16474.0,41837,Iridium,46
16474.0,42448,Iridium,46
16474.0,42483,Iridium,301
